﻿<?xml version="1.0" encoding="utf-8" ?>
<c2eventsheet>
    <!--All the 'name' attributes are ignored by Construct 2 - they are there for readability only.-->
    <name>Title Events</name>
    <events>
        <event-block sid="6499022334528401">
            <conditions>
                <condition id="0" name="On key pressed" sid="1941261140351264" type="Keyboard">
                    <param id="0" name="Key">32 (Barra Espaciadora)</param>
                </condition>
            </conditions>
            <actions>
                <action id="6" name="Stop" sid="737193113357707" type="Audio">
                    <param id="0" name="Tag">&quot;titlemusic&quot;</param>
                </action>
                <action id="-2" name="Go to layout" sid="9908282808204767" type="System">
                    <param id="0" name="Layout">Level1</param>
                </action>
            </actions>
        </event-block>
        <event-block sid="3585834523189269">
            <conditions>
                <condition id="-2" name="On start of layout" sid="4655388117653571" type="System" />
            </conditions>
            <actions>
                <action id="-13" name="Set time scale" sid="1508188820941729" type="System">
                    <param id="0" name="Time scale">1.0</param>
                </action>
                <action id="0" name="Play" sid="1008914026664394" type="Audio">
                    <param id="0" name="Audio file">8-bit loop (loop)</param>
                    <param id="2" name="Loop">1</param>
                    <param id="3" name="Volume">0</param>
                    <param id="1" name="Tag (optional)">&quot;titlemusic&quot;</param>
                </action>
                <action id="-9" name="Set value" sid="7890332024741815" type="System">
                    <param id="0" name="Variable">Score</param>
                    <param id="1" name="Value">0</param>
                </action>
                <action id="-9" name="Set value" sid="8541918594186932" type="System">
                    <param id="0" name="Variable">Lives</param>
                    <param id="1" name="Value">3</param>
                </action>
            </actions>
        </event-block>
        <event-block sid="8278009058448796">
            <conditions>
                <condition id="-20" name="Is on mobile device" sid="1156901801676732" type="System" />
            </conditions>
            <actions>
                <action id="4" name="Set animation" sid="1565675901901677" type="PressSpace">
                    <param id="0" name="Animation">&quot;Handheld&quot;</param>
                    <param id="1" name="From">1</param>
                </action>
            </actions>
        </event-block>
        <event-block sid="8777697772776498">
            <conditions>
                <condition id="4" name="Is touching object" sid="2429201040268286" type="Touch">
                    <param id="0" name="Object">PressSpace</param>
                </condition>
            </conditions>
            <actions>
                <action id="6" name="Stop" sid="4929385489941178" type="Audio">
                    <param id="0" name="Tag">&quot;titlemusic&quot;</param>
                </action>
                <action id="-2" name="Go to layout" sid="2520621938338147" type="System">
                    <param id="0" name="Layout">Level1</param>
                </action>
            </actions>
        </event-block>
    </events>
</c2eventsheet>
